{
    "24016": {
        "profile": "C:\\Program",
        "cmdline": "C:\\Program Files\\Java\\jdk-11\\bin\\java.exe -jar C:\\Users\\xdabb\\.microbot\\microbot-1.9.2.jar -clean-jagex-launcher -proxy= -proxy-type=http",
        "start_time": "2025-08-03T18:40:42.141117",
        "status": "running",
        "restarts": 2,
        "last_checked": "2025-08-03T18:48:46.401509",
        "detected": true,
        "username": "DESKTOP-FEQBCNE\\xdabb",
        "executable": "java.exe",
        "exe_path": "c:\\program files\\java\\jdk-11\\bin\\java.exe",
        "working_dir": "C:\\Users\\xdabb\\AppData\\Local\\Programs\\Microbot Launcher",
        "type": "java_process"
    }
}